,accuracy,precision,recall,f1,auc
RegLog,0.94,0.9545454545454546,0.8076923076923077,0.875,0.9755717255717256
Arbol,0.79,0.6,0.5769230769230769,0.5882352941176471,0.7208939708939709
KNN,0.81,0.7333333333333333,0.4230769230769231,0.5365853658536586,0.8591476091476091
SVM,0.88,0.9375,0.5769230769230769,0.7142857142857143,0.9604989604989604
RandomForest,0.87,0.9333333333333333,0.5384615384615384,0.6829268292682927,0.9610187110187111
