feature,importance
precio_m2,0.29309094355977156
Habitaciones,0.27744156240259454
Superficie_m2,0.22717859969402868
Antiguedad,0.09372017413646591
Calidad_Baja,0.024326664232740523
Distrito_D,0.019556977631273998
Banos,0.01865602218923574
Calidad_Media,0.01599627931665653
Distrito_C,0.01533117971265553
Garaje,0.008497635199158535
Distrito_B,0.006203961925418585
